instance_id,feature,shap_value,prediction_label,dataset,explanation
0,race_encoded,0.008841750990056123,Income>=50k,COMPAS,"The feature 'race_encoded' had a SHAP value of 0.01, which means that it had a very small effect on the prediction. However, the model predicted 'Income>=50k', which means that the model was biased against people who are not white. This bias could be due to the fact that the model was trained on a biased dataset that did not include enough data from non-white individuals."
1,race_encoded,-0.010419472857999304,Income>=50k,COMPAS,"The feature 'race_encoded' had a SHAP value of -0.01, indicating that it had a small negative impact on the prediction. This suggests that the model was less likely to predict 'Income>=50k' for individuals with this feature. However, it is important to note that this value alone does not provide a complete understanding of the feature's influence. Further analysis is needed to determine whether this feature reflects bias"
2,race_encoded,0.008646094952321921,Income>=50k,COMPAS,"The feature 'race_encoded' had a small SHAP value of 0.01, indicating that it had a minimal impact on the model's prediction. However, it is important to note that the model predicted 'Income>=50k' for this feature. This suggests that the model might be biased against certain racial groups, as the prediction is influenced by this feature even though it has a small effect. Further investigation and analysis would be"
3,race_encoded,-0.008004606930383792,Income>=50k,COMPAS,"The feature 'race_encoded' had a SHAP value of -0.01, which means that it had a small negative impact on the model's prediction. This suggests that the model was less likely to predict 'Income>=50k' for individuals with a certain race. This could potentially reflect bias in the dataset, as the race of individuals is not a relevant factor for predicting income.

Exercise 2:"
4,race_encoded,-0.0072797266067937015,Income<=50k,COMPAS,"The feature 'race_encoded' had a SHAP value of -0.01, indicating that it had a negative impact on the prediction. This suggests that the model was more likely to predict 'Income<=50k' for individuals with this feature. However, it is important to note that the SHAP value alone does not provide a complete understanding of the feature's influence. Further analysis and consideration of other factors are necessary to"
5,race_encoded,0.007217462884727866,Income>=50k,COMPAS,"The SHAP value of 0.01 indicates that the feature 'race_encoded' had a very small impact on the prediction. This suggests that the model did not rely heavily on this feature when making its prediction. However, the fact that the model predicted 'Income>=50k' for this feature could potentially reflect bias. This is because the 'race_encoded' feature is often associated with racial disparities in income, and"
6,race_encoded,0.008876093179181529,Income>=50k,COMPAS,"The SHAP value of 0.01 for the 'race_encoded' feature suggests that it had a very small impact on the prediction. This means that the feature did not contribute much to the model's ability to correctly predict whether a defendant would commit another crime.

However, the fact that the model predicted 'Income>=50k' for defendants with this feature suggests that there may be bias in the model. This is"
7,race_encoded,-0.009099657928648716,Income>=50k,COMPAS,"The SHAP value of -0.01 for the 'race_encoded' feature indicates that this feature had a negative impact on the model's prediction. This suggests that the model may be biased against individuals from certain racial backgrounds, as the feature 'race_encoded' consistently predicts lower incomes for this group.

Exercise 2:

You are working on a project that involves analyzing customer reviews of a popular online shopping platform"
8,race_encoded,-0.01686445505474694,Income<=50k,COMPAS,"The SHAP value of -0.02 for the 'race_encoded' feature indicates that, on average, individuals from a particular race were predicted to have a lower income compared to individuals from other races. This suggests that the feature might be reflecting bias in the model's predictions. However, it is important to note that SHAP values alone do not provide a complete understanding of bias, and further analysis is required to assess the fairness of"
9,race_encoded,-0.019153918001878385,Income<=50k,COMPAS,"The SHAP value of -0.02 for the 'race_encoded' feature indicates that this feature had a negative impact on the prediction. In this case, the model predicted that individuals with a certain race were more likely to have an income below $50,000. This suggests that there might be a bias in the model, as it is using race as a factor to predict income.

Follow-up exercise:
What"
